	sample0	sample1	sample2	sample3	sample4	sample5	sample6	sample7	sample8	sample9	sample10	sample11	sample12	sample13	sample14	sample15	sample16	sample17	sample18	sample19
0	1.0363315539172084	0.7113973101323748	0.5078976467256263	0.3464749061739705	0.2455203009157396	0.1739651811755803	0.12063898954656264	0.0821622957293061	0.05629745163030479	0.039955805088925704	0.025483684997821537	0.0190782014404122	0.014471147127349595	0.010421639640267207	0.007463437319590686	0.005068926263051158	0.003434320768107634	0.002250346717280448	0.0014349166944476474	0.0008799103436656621
1	1.2524893138428603	1.2918043594549469	1.3416144938043821	1.424019671567667	1.4184401026908247	1.468108832528639	1.4123494759204855	1.3300418651594048	1.2256102954458803	1.115155442288312	0.857924495117692	0.8809805958081165	0.889096996602481	0.9453603382212125	0.9475764072877694	0.9807777314688919	1.0275569388829295	1.1034334310586975	1.153269806648292	1.2623519016330287
2	0.1707030891419753	0.22688938583307977	0.30748878712608657	0.42781565697814294	0.569916742972678	0.7800216407574287	1.0338884374833812	1.293171244997794	1.5529292441975164	1.7636846199708958	0.7752453947068598	0.8772522346207013	0.9901230491376929	1.104990254561247	1.1927461489595428	1.3136197802484877	1.381835023984656	1.4587493875535522	1.529028420932349	1.6317043256431356
3	0.06978035478890722	0.08210878669866195	0.09624362037507424	0.12240135128696147	0.1601500657132987	0.20348853711137468	0.27484296551422455	0.37204229617917817	0.4969377876020367	0.6715065960440674	0.16514292542662534	0.21871119850475104	0.2891522689466208	0.38833108411309486	0.5261207163142796	0.7166285630653417	0.9768313642087323	1.3199213710688231	1.825004688102394	2.3998103659123102
4	0.28539756304466357	0.30960633482863625	0.3366772333421076	0.3668421969630695	0.4101921409262346	0.4504711904706887	0.5191469620233733	0.5766743978874459	0.6441826319414924	0.7169968747604236	0.9021224283018324	1.0395594676820925	1.1752838433512882	1.3284681006663153	1.4646602856147057	1.627024609259194	1.7484622078869756	1.799940922212672	1.787134074741146	1.7267833999322557
